Type,row,1,2,3,4,5,6,7,8,9,10,11,12,13,14,15,16,17,18,19,20,21,22,23,24
cmpd,row,1,2,3,4,5,6,7,8,9,10,11,12,13,14,15,16,17,18,19,20,21,22,23,24
cmpd,A,ZINC000893101964,ZINC000893101964,REAL250003296134,FRESH00014649046,FRESH00014649046,FRESH00010267028,ZINC000611664196,ZINC000611664196,FRESH00002410346,ZINC000885048835,ZINC000885048835,ZINC001320848619,FRESH00010608284,FRESH00010608284,ZINC000891943247,FRESH00020289192,FRESH00020289192,REAL300016493575,REAL250000548538,REAL250000548538,REAL250002155324,ZINC001240411747,ZINC001240411747,Empty
cmpd,B,ZINC000893101964,ZINC000893101964,REAL250003296134,FRESH00014649046,FRESH00014649046,FRESH00010267028,ZINC000611664196,ZINC000611664196,FRESH00002410346,ZINC000885048835,ZINC000885048835,ZINC001320848619,FRESH00010608284,FRESH00010608284,ZINC000891943247,FRESH00020289192,FRESH00020289192,REAL300016493575,REAL250000548538,REAL250000548538,REAL250002155324,ZINC001240411747,ZINC001240411747,Empty
cmpd,C,ZINC000893101964,ZINC000893101964,REAL250003296134,FRESH00014649046,FRESH00014649046,FRESH00010267028,ZINC000611664196,ZINC000611664196,FRESH00002410346,ZINC000885048835,ZINC000885048835,ZINC001320848619,FRESH00010608284,FRESH00010608284,ZINC000891943247,FRESH00020289192,FRESH00020289192,REAL300016493575,REAL250000548538,REAL250000548538,REAL250002155324,ZINC001240411747,ZINC001240411747,Empty
cmpd,D,ZINC000893101964,ZINC000893101964,REAL250003296134,FRESH00014649046,FRESH00014649046,FRESH00010267028,ZINC000611664196,ZINC000611664196,FRESH00002410346,ZINC000885048835,ZINC000885048835,ZINC001320848619,FRESH00010608284,FRESH00010608284,ZINC000891943247,FRESH00020289192,FRESH00020289192,REAL300016493575,REAL250000548538,REAL250000548538,REAL250002155324,ZINC001240411747,ZINC001240411747,Empty
cmpd,E,ZINC000893101964,ZINC000893101964,REAL250003296134,FRESH00014649046,FRESH00014649046,FRESH00010267028,ZINC000611664196,ZINC000611664196,FRESH00002410346,ZINC000885048835,ZINC000885048835,ZINC001320848619,FRESH00010608284,FRESH00010608284,ZINC000891943247,FRESH00020289192,FRESH00020289192,REAL300016493575,REAL250000548538,REAL250000548538,REAL250002155324,ZINC001240411747,ZINC001240411747,Empty
cmpd,F,ZINC000893101964,ZINC000893101964,REAL250003296134,FRESH00014649046,FRESH00014649046,FRESH00010267028,ZINC000611664196,ZINC000611664196,FRESH00002410346,ZINC000885048835,ZINC000885048835,ZINC001320848619,FRESH00010608284,FRESH00010608284,ZINC000891943247,FRESH00020289192,FRESH00020289192,REAL300016493575,REAL250000548538,REAL250000548538,REAL250002155324,ZINC001240411747,ZINC001240411747,Empty
cmpd,G,ZINC000893101964,ZINC000893101964,REAL250003296134,FRESH00014649046,FRESH00014649046,FRESH00010267028,ZINC000611664196,ZINC000611664196,FRESH00002410346,ZINC000885048835,ZINC000885048835,ZINC001320848619,FRESH00010608284,FRESH00010608284,ZINC000891943247,FRESH00020289192,FRESH00020289192,REAL300016493575,REAL250000548538,REAL250000548538,REAL250002155324,ZINC001240411747,ZINC001240411747,Empty
cmpd,H,ZINC000893101964,ZINC000893101964,REAL250003296134,FRESH00014649046,FRESH00014649046,FRESH00010267028,ZINC000611664196,ZINC000611664196,FRESH00002410346,ZINC000885048835,ZINC000885048835,ZINC001320848619,FRESH00010608284,FRESH00010608284,ZINC000891943247,FRESH00020289192,FRESH00020289192,REAL300016493575,REAL250000548538,REAL250000548538,REAL250002155324,ZINC001240411747,ZINC001240411747,Empty
cmpd,I,ZINC000893101964,REAL250003296134,REAL250003296134,FRESH00014649046,FRESH00010267028,FRESH00010267028,ZINC000611664196,FRESH00002410346,FRESH00002410346,ZINC000885048835,ZINC001320848619,ZINC001320848619,FRESH00010608284,ZINC000891943247,ZINC000891943247,FRESH00020289192,REAL300016493575,REAL300016493575,REAL250000548538,REAL250002155324,REAL250002155324,ZINC001240411747,Empty,Empty
cmpd,J,ZINC000893101964,REAL250003296134,REAL250003296134,FRESH00014649046,FRESH00010267028,FRESH00010267028,ZINC000611664196,FRESH00002410346,FRESH00002410346,ZINC000885048835,ZINC001320848619,ZINC001320848619,FRESH00010608284,ZINC000891943247,ZINC000891943247,FRESH00020289192,REAL300016493575,REAL300016493575,REAL250000548538,REAL250002155324,REAL250002155324,ZINC001240411747,Empty,Empty
cmpd,K,ZINC000893101964,REAL250003296134,REAL250003296134,FRESH00014649046,FRESH00010267028,FRESH00010267028,ZINC000611664196,FRESH00002410346,FRESH00002410346,ZINC000885048835,ZINC001320848619,ZINC001320848619,FRESH00010608284,ZINC000891943247,ZINC000891943247,FRESH00020289192,REAL300016493575,REAL300016493575,REAL250000548538,REAL250002155324,REAL250002155324,ZINC001240411747,Empty,Empty
cmpd,L,ZINC000893101964,REAL250003296134,REAL250003296134,FRESH00014649046,FRESH00010267028,FRESH00010267028,ZINC000611664196,FRESH00002410346,FRESH00002410346,ZINC000885048835,ZINC001320848619,ZINC001320848619,FRESH00010608284,ZINC000891943247,ZINC000891943247,FRESH00020289192,REAL300016493575,REAL300016493575,REAL250000548538,REAL250002155324,REAL250002155324,ZINC001240411747,Empty,Empty
cmpd,M,ZINC000893101964,REAL250003296134,REAL250003296134,FRESH00014649046,FRESH00010267028,FRESH00010267028,ZINC000611664196,FRESH00002410346,FRESH00002410346,ZINC000885048835,ZINC001320848619,ZINC001320848619,FRESH00010608284,ZINC000891943247,ZINC000891943247,FRESH00020289192,REAL300016493575,REAL300016493575,REAL250000548538,REAL250002155324,REAL250002155324,ZINC001240411747,Empty,Empty
cmpd,N,ZINC000893101964,REAL250003296134,REAL250003296134,FRESH00014649046,FRESH00010267028,FRESH00010267028,ZINC000611664196,FRESH00002410346,FRESH00002410346,ZINC000885048835,ZINC001320848619,ZINC001320848619,FRESH00010608284,ZINC000891943247,ZINC000891943247,FRESH00020289192,REAL300016493575,REAL300016493575,REAL250000548538,REAL250002155324,REAL250002155324,ZINC001240411747,Empty,Empty
cmpd,O,ZINC000893101964,REAL250003296134,REAL250003296134,FRESH00014649046,FRESH00010267028,FRESH00010267028,ZINC000611664196,FRESH00002410346,FRESH00002410346,ZINC000885048835,ZINC001320848619,ZINC001320848619,FRESH00010608284,ZINC000891943247,ZINC000891943247,FRESH00020289192,REAL300016493575,REAL300016493575,REAL250000548538,REAL250002155324,REAL250002155324,ZINC001240411747,Empty,Empty
cmpd,P,ZINC000893101964,REAL250003296134,REAL250003296134,FRESH00014649046,FRESH00010267028,FRESH00010267028,ZINC000611664196,FRESH00002410346,FRESH00002410346,ZINC000885048835,ZINC001320848619,ZINC001320848619,FRESH00010608284,ZINC000891943247,ZINC000891943247,FRESH00020289192,REAL300016493575,REAL300016493575,REAL250000548538,REAL250002155324,REAL250002155324,ZINC001240411747,Empty,Empty
cmpd_abbrev,row,1,2,3,4,5,6,7,8,9,10,11,12,13,14,15,16,17,18,19,20,21,22,23,24
cmpd_abbrev,A,Z1964,Z1964,R6134,F9046,F9046,F7028,Z4196,Z4196,F0346,Z8835,Z8835,Z8619,F8284,F8284,Z3247,F9192,F9192,R3575,R8538,R8538,R5324,Z1747,Z1747,Empty
cmpd_abbrev,B,Z1964,Z1964,R6134,F9046,F9046,F7028,Z4196,Z4196,F0346,Z8835,Z8835,Z8619,F8284,F8284,Z3247,F9192,F9192,R3575,R8538,R8538,R5324,Z1747,Z1747,Empty
cmpd_abbrev,C,Z1964,Z1964,R6134,F9046,F9046,F7028,Z4196,Z4196,F0346,Z8835,Z8835,Z8619,F8284,F8284,Z3247,F9192,F9192,R3575,R8538,R8538,R5324,Z1747,Z1747,Empty
cmpd_abbrev,D,Z1964,Z1964,R6134,F9046,F9046,F7028,Z4196,Z4196,F0346,Z8835,Z8835,Z8619,F8284,F8284,Z3247,F9192,F9192,R3575,R8538,R8538,R5324,Z1747,Z1747,Empty
cmpd_abbrev,E,Z1964,Z1964,R6134,F9046,F9046,F7028,Z4196,Z4196,F0346,Z8835,Z8835,Z8619,F8284,F8284,Z3247,F9192,F9192,R3575,R8538,R8538,R5324,Z1747,Z1747,Empty
cmpd_abbrev,F,Z1964,Z1964,R6134,F9046,F9046,F7028,Z4196,Z4196,F0346,Z8835,Z8835,Z8619,F8284,F8284,Z3247,F9192,F9192,R3575,R8538,R8538,R5324,Z1747,Z1747,Empty
cmpd_abbrev,G,Z1964,Z1964,R6134,F9046,F9046,F7028,Z4196,Z4196,F0346,Z8835,Z8835,Z8619,F8284,F8284,Z3247,F9192,F9192,R3575,R8538,R8538,R5324,Z1747,Z1747,Empty
cmpd_abbrev,H,Z1964,Z1964,R6134,F9046,F9046,F7028,Z4196,Z4196,F0346,Z8835,Z8835,Z8619,F8284,F8284,Z3247,F9192,F9192,R3575,R8538,R8538,R5324,Z1747,Z1747,Empty
cmpd_abbrev,I,Z1964,R6134,R6134,F9046,F7028,F7028,Z4196,F0346,F0346,Z8835,Z8619,Z8619,F8284,Z3247,Z3247,F9192,R3575,R3575,R8538,R5324,R5324,Z1747,Empty,Empty
cmpd_abbrev,J,Z1964,R6134,R6134,F9046,F7028,F7028,Z4196,F0346,F0346,Z8835,Z8619,Z8619,F8284,Z3247,Z3247,F9192,R3575,R3575,R8538,R5324,R5324,Z1747,Empty,Empty
cmpd_abbrev,K,Z1964,R6134,R6134,F9046,F7028,F7028,Z4196,F0346,F0346,Z8835,Z8619,Z8619,F8284,Z3247,Z3247,F9192,R3575,R3575,R8538,R5324,R5324,Z1747,Empty,Empty
cmpd_abbrev,L,Z1964,R6134,R6134,F9046,F7028,F7028,Z4196,F0346,F0346,Z8835,Z8619,Z8619,F8284,Z3247,Z3247,F9192,R3575,R3575,R8538,R5324,R5324,Z1747,Empty,Empty
cmpd_abbrev,M,Z1964,R6134,R6134,F9046,F7028,F7028,Z4196,F0346,F0346,Z8835,Z8619,Z8619,F8284,Z3247,Z3247,F9192,R3575,R3575,R8538,R5324,R5324,Z1747,Empty,Empty
cmpd_abbrev,N,Z1964,R6134,R6134,F9046,F7028,F7028,Z4196,F0346,F0346,Z8835,Z8619,Z8619,F8284,Z3247,Z3247,F9192,R3575,R3575,R8538,R5324,R5324,Z1747,Empty,Empty
cmpd_abbrev,O,Z1964,R6134,R6134,F9046,F7028,F7028,Z4196,F0346,F0346,Z8835,Z8619,Z8619,F8284,Z3247,Z3247,F9192,R3575,R3575,R8538,R5324,R5324,Z1747,Empty,Empty
cmpd_abbrev,P,Z1964,R6134,R6134,F9046,F7028,F7028,Z4196,F0346,F0346,Z8835,Z8619,Z8619,F8284,Z3247,Z3247,F9192,R3575,R3575,R8538,R5324,R5324,Z1747,Empty,Empty
SMILES,row,1,2,3,4,5,6,7,8,9,10,11,12,13,14,15,16,17,18,19,20,21,22,23,24
SMILES,A,CC1=NN=C(CNC=2C=NC(N)=C(Cl)N2)N1C3CC3,CC1=NN=C(CNC=2C=NC(N)=C(Cl)N2)N1C3CC3,NC=1N=CN=C(N2CCCC(CCC(=O)O)C2)C1Cl,CNS(=O)(=O)C1=CC(=CO1)C(=O)N2CCC=3N=C(N)N=CC3C2,CNS(=O)(=O)C1=CC(=CO1)C(=O)N2CCC=3N=C(N)N=CC3C2,O=C1CC2(CC2)C(CSC3=NNC(=N3)C=4C=CC=CN4)O1,C[C@@H]1CCN([C@H](C1)C2=CC=C(C)O2)C(=O)C=3N=CN=C4NC=CC34 |&1:1.5.r|,C[C@@H]1CCN([C@H](C1)C2=CC=C(C)O2)C(=O)C=3N=CN=C4NC=CC34 |&1:1.5.r|,CN1N=C(O)C=2CCN(CC21)C(=O)C3=CC(O)=CC(=O)O3,CC1N(CCCC1=O)C(=O)C=2C=CN=C3NC=NC23,CC1N(CCCC1=O)C(=O)C=2C=CN=C3NC=NC23,OC[C@@H]1NC(=O)N(C1=O)C=2C=CC=C(CN3CCCC3=O)C2,CC=1C=C(N(N1)C2CCCC2)S(=O)(=O)NC=3C=NC=4NC=CC4C3,CC=1C=C(N(N1)C2CCCC2)S(=O)(=O)NC=3C=NC=4NC=CC4C3,CNC=1C=C(N=CN1)N2CCCC(C2)C3=NC(C)=NO3,ClC1=CC(=NC(=O)N1)N2CC(CN3C=NN=C3)C4(CCC4)C2,ClC1=CC(=NC(=O)N1)N2CC(CN3C=NN=C3)C4(CCC4)C2,CC1C(CCCN1S(=O)(=O)C2=CNC=3N=CC(Cl)=CC23)C(=O)O,OC(=O)[C@@H]1CCCN(C1)C(=O)C=2C=CN=C3NC=CC23,OC(=O)[C@@H]1CCCN(C1)C(=O)C=2C=CN=C3NC=CC23,CN(CCCC(=O)O)C(=O)C=1N=CN=C2NC=CC12,CC1=NOC(=N1)C=2C=CN=C(C2)C=3C=CN=C4NC=CC34,CC1=NOC(=N1)C=2C=CN=C(C2)C=3C=CN=C4NC=CC34,Empty
SMILES,B,CC1=NN=C(CNC=2C=NC(N)=C(Cl)N2)N1C3CC3,CC1=NN=C(CNC=2C=NC(N)=C(Cl)N2)N1C3CC3,NC=1N=CN=C(N2CCCC(CCC(=O)O)C2)C1Cl,CNS(=O)(=O)C1=CC(=CO1)C(=O)N2CCC=3N=C(N)N=CC3C2,CNS(=O)(=O)C1=CC(=CO1)C(=O)N2CCC=3N=C(N)N=CC3C2,O=C1CC2(CC2)C(CSC3=NNC(=N3)C=4C=CC=CN4)O1,C[C@@H]1CCN([C@H](C1)C2=CC=C(C)O2)C(=O)C=3N=CN=C4NC=CC34 |&1:1.5.r|,C[C@@H]1CCN([C@H](C1)C2=CC=C(C)O2)C(=O)C=3N=CN=C4NC=CC34 |&1:1.5.r|,CN1N=C(O)C=2CCN(CC21)C(=O)C3=CC(O)=CC(=O)O3,CC1N(CCCC1=O)C(=O)C=2C=CN=C3NC=NC23,CC1N(CCCC1=O)C(=O)C=2C=CN=C3NC=NC23,OC[C@@H]1NC(=O)N(C1=O)C=2C=CC=C(CN3CCCC3=O)C2,CC=1C=C(N(N1)C2CCCC2)S(=O)(=O)NC=3C=NC=4NC=CC4C3,CC=1C=C(N(N1)C2CCCC2)S(=O)(=O)NC=3C=NC=4NC=CC4C3,CNC=1C=C(N=CN1)N2CCCC(C2)C3=NC(C)=NO3,ClC1=CC(=NC(=O)N1)N2CC(CN3C=NN=C3)C4(CCC4)C2,ClC1=CC(=NC(=O)N1)N2CC(CN3C=NN=C3)C4(CCC4)C2,CC1C(CCCN1S(=O)(=O)C2=CNC=3N=CC(Cl)=CC23)C(=O)O,OC(=O)[C@@H]1CCCN(C1)C(=O)C=2C=CN=C3NC=CC23,OC(=O)[C@@H]1CCCN(C1)C(=O)C=2C=CN=C3NC=CC23,CN(CCCC(=O)O)C(=O)C=1N=CN=C2NC=CC12,CC1=NOC(=N1)C=2C=CN=C(C2)C=3C=CN=C4NC=CC34,CC1=NOC(=N1)C=2C=CN=C(C2)C=3C=CN=C4NC=CC34,Empty
SMILES,C,CC1=NN=C(CNC=2C=NC(N)=C(Cl)N2)N1C3CC3,CC1=NN=C(CNC=2C=NC(N)=C(Cl)N2)N1C3CC3,NC=1N=CN=C(N2CCCC(CCC(=O)O)C2)C1Cl,CNS(=O)(=O)C1=CC(=CO1)C(=O)N2CCC=3N=C(N)N=CC3C2,CNS(=O)(=O)C1=CC(=CO1)C(=O)N2CCC=3N=C(N)N=CC3C2,O=C1CC2(CC2)C(CSC3=NNC(=N3)C=4C=CC=CN4)O1,C[C@@H]1CCN([C@H](C1)C2=CC=C(C)O2)C(=O)C=3N=CN=C4NC=CC34 |&1:1.5.r|,C[C@@H]1CCN([C@H](C1)C2=CC=C(C)O2)C(=O)C=3N=CN=C4NC=CC34 |&1:1.5.r|,CN1N=C(O)C=2CCN(CC21)C(=O)C3=CC(O)=CC(=O)O3,CC1N(CCCC1=O)C(=O)C=2C=CN=C3NC=NC23,CC1N(CCCC1=O)C(=O)C=2C=CN=C3NC=NC23,OC[C@@H]1NC(=O)N(C1=O)C=2C=CC=C(CN3CCCC3=O)C2,CC=1C=C(N(N1)C2CCCC2)S(=O)(=O)NC=3C=NC=4NC=CC4C3,CC=1C=C(N(N1)C2CCCC2)S(=O)(=O)NC=3C=NC=4NC=CC4C3,CNC=1C=C(N=CN1)N2CCCC(C2)C3=NC(C)=NO3,ClC1=CC(=NC(=O)N1)N2CC(CN3C=NN=C3)C4(CCC4)C2,ClC1=CC(=NC(=O)N1)N2CC(CN3C=NN=C3)C4(CCC4)C2,CC1C(CCCN1S(=O)(=O)C2=CNC=3N=CC(Cl)=CC23)C(=O)O,OC(=O)[C@@H]1CCCN(C1)C(=O)C=2C=CN=C3NC=CC23,OC(=O)[C@@H]1CCCN(C1)C(=O)C=2C=CN=C3NC=CC23,CN(CCCC(=O)O)C(=O)C=1N=CN=C2NC=CC12,CC1=NOC(=N1)C=2C=CN=C(C2)C=3C=CN=C4NC=CC34,CC1=NOC(=N1)C=2C=CN=C(C2)C=3C=CN=C4NC=CC34,Empty
SMILES,D,CC1=NN=C(CNC=2C=NC(N)=C(Cl)N2)N1C3CC3,CC1=NN=C(CNC=2C=NC(N)=C(Cl)N2)N1C3CC3,NC=1N=CN=C(N2CCCC(CCC(=O)O)C2)C1Cl,CNS(=O)(=O)C1=CC(=CO1)C(=O)N2CCC=3N=C(N)N=CC3C2,CNS(=O)(=O)C1=CC(=CO1)C(=O)N2CCC=3N=C(N)N=CC3C2,O=C1CC2(CC2)C(CSC3=NNC(=N3)C=4C=CC=CN4)O1,C[C@@H]1CCN([C@H](C1)C2=CC=C(C)O2)C(=O)C=3N=CN=C4NC=CC34 |&1:1.5.r|,C[C@@H]1CCN([C@H](C1)C2=CC=C(C)O2)C(=O)C=3N=CN=C4NC=CC34 |&1:1.5.r|,CN1N=C(O)C=2CCN(CC21)C(=O)C3=CC(O)=CC(=O)O3,CC1N(CCCC1=O)C(=O)C=2C=CN=C3NC=NC23,CC1N(CCCC1=O)C(=O)C=2C=CN=C3NC=NC23,OC[C@@H]1NC(=O)N(C1=O)C=2C=CC=C(CN3CCCC3=O)C2,CC=1C=C(N(N1)C2CCCC2)S(=O)(=O)NC=3C=NC=4NC=CC4C3,CC=1C=C(N(N1)C2CCCC2)S(=O)(=O)NC=3C=NC=4NC=CC4C3,CNC=1C=C(N=CN1)N2CCCC(C2)C3=NC(C)=NO3,ClC1=CC(=NC(=O)N1)N2CC(CN3C=NN=C3)C4(CCC4)C2,ClC1=CC(=NC(=O)N1)N2CC(CN3C=NN=C3)C4(CCC4)C2,CC1C(CCCN1S(=O)(=O)C2=CNC=3N=CC(Cl)=CC23)C(=O)O,OC(=O)[C@@H]1CCCN(C1)C(=O)C=2C=CN=C3NC=CC23,OC(=O)[C@@H]1CCCN(C1)C(=O)C=2C=CN=C3NC=CC23,CN(CCCC(=O)O)C(=O)C=1N=CN=C2NC=CC12,CC1=NOC(=N1)C=2C=CN=C(C2)C=3C=CN=C4NC=CC34,CC1=NOC(=N1)C=2C=CN=C(C2)C=3C=CN=C4NC=CC34,Empty
SMILES,E,CC1=NN=C(CNC=2C=NC(N)=C(Cl)N2)N1C3CC3,CC1=NN=C(CNC=2C=NC(N)=C(Cl)N2)N1C3CC3,NC=1N=CN=C(N2CCCC(CCC(=O)O)C2)C1Cl,CNS(=O)(=O)C1=CC(=CO1)C(=O)N2CCC=3N=C(N)N=CC3C2,CNS(=O)(=O)C1=CC(=CO1)C(=O)N2CCC=3N=C(N)N=CC3C2,O=C1CC2(CC2)C(CSC3=NNC(=N3)C=4C=CC=CN4)O1,C[C@@H]1CCN([C@H](C1)C2=CC=C(C)O2)C(=O)C=3N=CN=C4NC=CC34 |&1:1.5.r|,C[C@@H]1CCN([C@H](C1)C2=CC=C(C)O2)C(=O)C=3N=CN=C4NC=CC34 |&1:1.5.r|,CN1N=C(O)C=2CCN(CC21)C(=O)C3=CC(O)=CC(=O)O3,CC1N(CCCC1=O)C(=O)C=2C=CN=C3NC=NC23,CC1N(CCCC1=O)C(=O)C=2C=CN=C3NC=NC23,OC[C@@H]1NC(=O)N(C1=O)C=2C=CC=C(CN3CCCC3=O)C2,CC=1C=C(N(N1)C2CCCC2)S(=O)(=O)NC=3C=NC=4NC=CC4C3,CC=1C=C(N(N1)C2CCCC2)S(=O)(=O)NC=3C=NC=4NC=CC4C3,CNC=1C=C(N=CN1)N2CCCC(C2)C3=NC(C)=NO3,ClC1=CC(=NC(=O)N1)N2CC(CN3C=NN=C3)C4(CCC4)C2,ClC1=CC(=NC(=O)N1)N2CC(CN3C=NN=C3)C4(CCC4)C2,CC1C(CCCN1S(=O)(=O)C2=CNC=3N=CC(Cl)=CC23)C(=O)O,OC(=O)[C@@H]1CCCN(C1)C(=O)C=2C=CN=C3NC=CC23,OC(=O)[C@@H]1CCCN(C1)C(=O)C=2C=CN=C3NC=CC23,CN(CCCC(=O)O)C(=O)C=1N=CN=C2NC=CC12,CC1=NOC(=N1)C=2C=CN=C(C2)C=3C=CN=C4NC=CC34,CC1=NOC(=N1)C=2C=CN=C(C2)C=3C=CN=C4NC=CC34,Empty
SMILES,F,CC1=NN=C(CNC=2C=NC(N)=C(Cl)N2)N1C3CC3,CC1=NN=C(CNC=2C=NC(N)=C(Cl)N2)N1C3CC3,NC=1N=CN=C(N2CCCC(CCC(=O)O)C2)C1Cl,CNS(=O)(=O)C1=CC(=CO1)C(=O)N2CCC=3N=C(N)N=CC3C2,CNS(=O)(=O)C1=CC(=CO1)C(=O)N2CCC=3N=C(N)N=CC3C2,O=C1CC2(CC2)C(CSC3=NNC(=N3)C=4C=CC=CN4)O1,C[C@@H]1CCN([C@H](C1)C2=CC=C(C)O2)C(=O)C=3N=CN=C4NC=CC34 |&1:1.5.r|,C[C@@H]1CCN([C@H](C1)C2=CC=C(C)O2)C(=O)C=3N=CN=C4NC=CC34 |&1:1.5.r|,CN1N=C(O)C=2CCN(CC21)C(=O)C3=CC(O)=CC(=O)O3,CC1N(CCCC1=O)C(=O)C=2C=CN=C3NC=NC23,CC1N(CCCC1=O)C(=O)C=2C=CN=C3NC=NC23,OC[C@@H]1NC(=O)N(C1=O)C=2C=CC=C(CN3CCCC3=O)C2,CC=1C=C(N(N1)C2CCCC2)S(=O)(=O)NC=3C=NC=4NC=CC4C3,CC=1C=C(N(N1)C2CCCC2)S(=O)(=O)NC=3C=NC=4NC=CC4C3,CNC=1C=C(N=CN1)N2CCCC(C2)C3=NC(C)=NO3,ClC1=CC(=NC(=O)N1)N2CC(CN3C=NN=C3)C4(CCC4)C2,ClC1=CC(=NC(=O)N1)N2CC(CN3C=NN=C3)C4(CCC4)C2,CC1C(CCCN1S(=O)(=O)C2=CNC=3N=CC(Cl)=CC23)C(=O)O,OC(=O)[C@@H]1CCCN(C1)C(=O)C=2C=CN=C3NC=CC23,OC(=O)[C@@H]1CCCN(C1)C(=O)C=2C=CN=C3NC=CC23,CN(CCCC(=O)O)C(=O)C=1N=CN=C2NC=CC12,CC1=NOC(=N1)C=2C=CN=C(C2)C=3C=CN=C4NC=CC34,CC1=NOC(=N1)C=2C=CN=C(C2)C=3C=CN=C4NC=CC34,Empty
SMILES,G,CC1=NN=C(CNC=2C=NC(N)=C(Cl)N2)N1C3CC3,CC1=NN=C(CNC=2C=NC(N)=C(Cl)N2)N1C3CC3,NC=1N=CN=C(N2CCCC(CCC(=O)O)C2)C1Cl,CNS(=O)(=O)C1=CC(=CO1)C(=O)N2CCC=3N=C(N)N=CC3C2,CNS(=O)(=O)C1=CC(=CO1)C(=O)N2CCC=3N=C(N)N=CC3C2,O=C1CC2(CC2)C(CSC3=NNC(=N3)C=4C=CC=CN4)O1,C[C@@H]1CCN([C@H](C1)C2=CC=C(C)O2)C(=O)C=3N=CN=C4NC=CC34 |&1:1.5.r|,C[C@@H]1CCN([C@H](C1)C2=CC=C(C)O2)C(=O)C=3N=CN=C4NC=CC34 |&1:1.5.r|,CN1N=C(O)C=2CCN(CC21)C(=O)C3=CC(O)=CC(=O)O3,CC1N(CCCC1=O)C(=O)C=2C=CN=C3NC=NC23,CC1N(CCCC1=O)C(=O)C=2C=CN=C3NC=NC23,OC[C@@H]1NC(=O)N(C1=O)C=2C=CC=C(CN3CCCC3=O)C2,CC=1C=C(N(N1)C2CCCC2)S(=O)(=O)NC=3C=NC=4NC=CC4C3,CC=1C=C(N(N1)C2CCCC2)S(=O)(=O)NC=3C=NC=4NC=CC4C3,CNC=1C=C(N=CN1)N2CCCC(C2)C3=NC(C)=NO3,ClC1=CC(=NC(=O)N1)N2CC(CN3C=NN=C3)C4(CCC4)C2,ClC1=CC(=NC(=O)N1)N2CC(CN3C=NN=C3)C4(CCC4)C2,CC1C(CCCN1S(=O)(=O)C2=CNC=3N=CC(Cl)=CC23)C(=O)O,OC(=O)[C@@H]1CCCN(C1)C(=O)C=2C=CN=C3NC=CC23,OC(=O)[C@@H]1CCCN(C1)C(=O)C=2C=CN=C3NC=CC23,CN(CCCC(=O)O)C(=O)C=1N=CN=C2NC=CC12,CC1=NOC(=N1)C=2C=CN=C(C2)C=3C=CN=C4NC=CC34,CC1=NOC(=N1)C=2C=CN=C(C2)C=3C=CN=C4NC=CC34,Empty
SMILES,H,CC1=NN=C(CNC=2C=NC(N)=C(Cl)N2)N1C3CC3,CC1=NN=C(CNC=2C=NC(N)=C(Cl)N2)N1C3CC3,NC=1N=CN=C(N2CCCC(CCC(=O)O)C2)C1Cl,CNS(=O)(=O)C1=CC(=CO1)C(=O)N2CCC=3N=C(N)N=CC3C2,CNS(=O)(=O)C1=CC(=CO1)C(=O)N2CCC=3N=C(N)N=CC3C2,O=C1CC2(CC2)C(CSC3=NNC(=N3)C=4C=CC=CN4)O1,C[C@@H]1CCN([C@H](C1)C2=CC=C(C)O2)C(=O)C=3N=CN=C4NC=CC34 |&1:1.5.r|,C[C@@H]1CCN([C@H](C1)C2=CC=C(C)O2)C(=O)C=3N=CN=C4NC=CC34 |&1:1.5.r|,CN1N=C(O)C=2CCN(CC21)C(=O)C3=CC(O)=CC(=O)O3,CC1N(CCCC1=O)C(=O)C=2C=CN=C3NC=NC23,CC1N(CCCC1=O)C(=O)C=2C=CN=C3NC=NC23,OC[C@@H]1NC(=O)N(C1=O)C=2C=CC=C(CN3CCCC3=O)C2,CC=1C=C(N(N1)C2CCCC2)S(=O)(=O)NC=3C=NC=4NC=CC4C3,CC=1C=C(N(N1)C2CCCC2)S(=O)(=O)NC=3C=NC=4NC=CC4C3,CNC=1C=C(N=CN1)N2CCCC(C2)C3=NC(C)=NO3,ClC1=CC(=NC(=O)N1)N2CC(CN3C=NN=C3)C4(CCC4)C2,ClC1=CC(=NC(=O)N1)N2CC(CN3C=NN=C3)C4(CCC4)C2,CC1C(CCCN1S(=O)(=O)C2=CNC=3N=CC(Cl)=CC23)C(=O)O,OC(=O)[C@@H]1CCCN(C1)C(=O)C=2C=CN=C3NC=CC23,OC(=O)[C@@H]1CCCN(C1)C(=O)C=2C=CN=C3NC=CC23,CN(CCCC(=O)O)C(=O)C=1N=CN=C2NC=CC12,CC1=NOC(=N1)C=2C=CN=C(C2)C=3C=CN=C4NC=CC34,CC1=NOC(=N1)C=2C=CN=C(C2)C=3C=CN=C4NC=CC34,Empty
SMILES,I,CC1=NN=C(CNC=2C=NC(N)=C(Cl)N2)N1C3CC3,NC=1N=CN=C(N2CCCC(CCC(=O)O)C2)C1Cl,NC=1N=CN=C(N2CCCC(CCC(=O)O)C2)C1Cl,CNS(=O)(=O)C1=CC(=CO1)C(=O)N2CCC=3N=C(N)N=CC3C2,O=C1CC2(CC2)C(CSC3=NNC(=N3)C=4C=CC=CN4)O1,O=C1CC2(CC2)C(CSC3=NNC(=N3)C=4C=CC=CN4)O1,C[C@@H]1CCN([C@H](C1)C2=CC=C(C)O2)C(=O)C=3N=CN=C4NC=CC34 |&1:1.5.r|,CN1N=C(O)C=2CCN(CC21)C(=O)C3=CC(O)=CC(=O)O3,CN1N=C(O)C=2CCN(CC21)C(=O)C3=CC(O)=CC(=O)O3,CC1N(CCCC1=O)C(=O)C=2C=CN=C3NC=NC23,OC[C@@H]1NC(=O)N(C1=O)C=2C=CC=C(CN3CCCC3=O)C2,OC[C@@H]1NC(=O)N(C1=O)C=2C=CC=C(CN3CCCC3=O)C2,CC=1C=C(N(N1)C2CCCC2)S(=O)(=O)NC=3C=NC=4NC=CC4C3,CNC=1C=C(N=CN1)N2CCCC(C2)C3=NC(C)=NO3,CNC=1C=C(N=CN1)N2CCCC(C2)C3=NC(C)=NO3,ClC1=CC(=NC(=O)N1)N2CC(CN3C=NN=C3)C4(CCC4)C2,CC1C(CCCN1S(=O)(=O)C2=CNC=3N=CC(Cl)=CC23)C(=O)O,CC1C(CCCN1S(=O)(=O)C2=CNC=3N=CC(Cl)=CC23)C(=O)O,OC(=O)[C@@H]1CCCN(C1)C(=O)C=2C=CN=C3NC=CC23,CN(CCCC(=O)O)C(=O)C=1N=CN=C2NC=CC12,CN(CCCC(=O)O)C(=O)C=1N=CN=C2NC=CC12,CC1=NOC(=N1)C=2C=CN=C(C2)C=3C=CN=C4NC=CC34,Empty,Empty
SMILES,J,CC1=NN=C(CNC=2C=NC(N)=C(Cl)N2)N1C3CC3,NC=1N=CN=C(N2CCCC(CCC(=O)O)C2)C1Cl,NC=1N=CN=C(N2CCCC(CCC(=O)O)C2)C1Cl,CNS(=O)(=O)C1=CC(=CO1)C(=O)N2CCC=3N=C(N)N=CC3C2,O=C1CC2(CC2)C(CSC3=NNC(=N3)C=4C=CC=CN4)O1,O=C1CC2(CC2)C(CSC3=NNC(=N3)C=4C=CC=CN4)O1,C[C@@H]1CCN([C@H](C1)C2=CC=C(C)O2)C(=O)C=3N=CN=C4NC=CC34 |&1:1.5.r|,CN1N=C(O)C=2CCN(CC21)C(=O)C3=CC(O)=CC(=O)O3,CN1N=C(O)C=2CCN(CC21)C(=O)C3=CC(O)=CC(=O)O3,CC1N(CCCC1=O)C(=O)C=2C=CN=C3NC=NC23,OC[C@@H]1NC(=O)N(C1=O)C=2C=CC=C(CN3CCCC3=O)C2,OC[C@@H]1NC(=O)N(C1=O)C=2C=CC=C(CN3CCCC3=O)C2,CC=1C=C(N(N1)C2CCCC2)S(=O)(=O)NC=3C=NC=4NC=CC4C3,CNC=1C=C(N=CN1)N2CCCC(C2)C3=NC(C)=NO3,CNC=1C=C(N=CN1)N2CCCC(C2)C3=NC(C)=NO3,ClC1=CC(=NC(=O)N1)N2CC(CN3C=NN=C3)C4(CCC4)C2,CC1C(CCCN1S(=O)(=O)C2=CNC=3N=CC(Cl)=CC23)C(=O)O,CC1C(CCCN1S(=O)(=O)C2=CNC=3N=CC(Cl)=CC23)C(=O)O,OC(=O)[C@@H]1CCCN(C1)C(=O)C=2C=CN=C3NC=CC23,CN(CCCC(=O)O)C(=O)C=1N=CN=C2NC=CC12,CN(CCCC(=O)O)C(=O)C=1N=CN=C2NC=CC12,CC1=NOC(=N1)C=2C=CN=C(C2)C=3C=CN=C4NC=CC34,Empty,Empty
SMILES,K,CC1=NN=C(CNC=2C=NC(N)=C(Cl)N2)N1C3CC3,NC=1N=CN=C(N2CCCC(CCC(=O)O)C2)C1Cl,NC=1N=CN=C(N2CCCC(CCC(=O)O)C2)C1Cl,CNS(=O)(=O)C1=CC(=CO1)C(=O)N2CCC=3N=C(N)N=CC3C2,O=C1CC2(CC2)C(CSC3=NNC(=N3)C=4C=CC=CN4)O1,O=C1CC2(CC2)C(CSC3=NNC(=N3)C=4C=CC=CN4)O1,C[C@@H]1CCN([C@H](C1)C2=CC=C(C)O2)C(=O)C=3N=CN=C4NC=CC34 |&1:1.5.r|,CN1N=C(O)C=2CCN(CC21)C(=O)C3=CC(O)=CC(=O)O3,CN1N=C(O)C=2CCN(CC21)C(=O)C3=CC(O)=CC(=O)O3,CC1N(CCCC1=O)C(=O)C=2C=CN=C3NC=NC23,OC[C@@H]1NC(=O)N(C1=O)C=2C=CC=C(CN3CCCC3=O)C2,OC[C@@H]1NC(=O)N(C1=O)C=2C=CC=C(CN3CCCC3=O)C2,CC=1C=C(N(N1)C2CCCC2)S(=O)(=O)NC=3C=NC=4NC=CC4C3,CNC=1C=C(N=CN1)N2CCCC(C2)C3=NC(C)=NO3,CNC=1C=C(N=CN1)N2CCCC(C2)C3=NC(C)=NO3,ClC1=CC(=NC(=O)N1)N2CC(CN3C=NN=C3)C4(CCC4)C2,CC1C(CCCN1S(=O)(=O)C2=CNC=3N=CC(Cl)=CC23)C(=O)O,CC1C(CCCN1S(=O)(=O)C2=CNC=3N=CC(Cl)=CC23)C(=O)O,OC(=O)[C@@H]1CCCN(C1)C(=O)C=2C=CN=C3NC=CC23,CN(CCCC(=O)O)C(=O)C=1N=CN=C2NC=CC12,CN(CCCC(=O)O)C(=O)C=1N=CN=C2NC=CC12,CC1=NOC(=N1)C=2C=CN=C(C2)C=3C=CN=C4NC=CC34,Empty,Empty
SMILES,L,CC1=NN=C(CNC=2C=NC(N)=C(Cl)N2)N1C3CC3,NC=1N=CN=C(N2CCCC(CCC(=O)O)C2)C1Cl,NC=1N=CN=C(N2CCCC(CCC(=O)O)C2)C1Cl,CNS(=O)(=O)C1=CC(=CO1)C(=O)N2CCC=3N=C(N)N=CC3C2,O=C1CC2(CC2)C(CSC3=NNC(=N3)C=4C=CC=CN4)O1,O=C1CC2(CC2)C(CSC3=NNC(=N3)C=4C=CC=CN4)O1,C[C@@H]1CCN([C@H](C1)C2=CC=C(C)O2)C(=O)C=3N=CN=C4NC=CC34 |&1:1.5.r|,CN1N=C(O)C=2CCN(CC21)C(=O)C3=CC(O)=CC(=O)O3,CN1N=C(O)C=2CCN(CC21)C(=O)C3=CC(O)=CC(=O)O3,CC1N(CCCC1=O)C(=O)C=2C=CN=C3NC=NC23,OC[C@@H]1NC(=O)N(C1=O)C=2C=CC=C(CN3CCCC3=O)C2,OC[C@@H]1NC(=O)N(C1=O)C=2C=CC=C(CN3CCCC3=O)C2,CC=1C=C(N(N1)C2CCCC2)S(=O)(=O)NC=3C=NC=4NC=CC4C3,CNC=1C=C(N=CN1)N2CCCC(C2)C3=NC(C)=NO3,CNC=1C=C(N=CN1)N2CCCC(C2)C3=NC(C)=NO3,ClC1=CC(=NC(=O)N1)N2CC(CN3C=NN=C3)C4(CCC4)C2,CC1C(CCCN1S(=O)(=O)C2=CNC=3N=CC(Cl)=CC23)C(=O)O,CC1C(CCCN1S(=O)(=O)C2=CNC=3N=CC(Cl)=CC23)C(=O)O,OC(=O)[C@@H]1CCCN(C1)C(=O)C=2C=CN=C3NC=CC23,CN(CCCC(=O)O)C(=O)C=1N=CN=C2NC=CC12,CN(CCCC(=O)O)C(=O)C=1N=CN=C2NC=CC12,CC1=NOC(=N1)C=2C=CN=C(C2)C=3C=CN=C4NC=CC34,Empty,Empty
SMILES,M,CC1=NN=C(CNC=2C=NC(N)=C(Cl)N2)N1C3CC3,NC=1N=CN=C(N2CCCC(CCC(=O)O)C2)C1Cl,NC=1N=CN=C(N2CCCC(CCC(=O)O)C2)C1Cl,CNS(=O)(=O)C1=CC(=CO1)C(=O)N2CCC=3N=C(N)N=CC3C2,O=C1CC2(CC2)C(CSC3=NNC(=N3)C=4C=CC=CN4)O1,O=C1CC2(CC2)C(CSC3=NNC(=N3)C=4C=CC=CN4)O1,C[C@@H]1CCN([C@H](C1)C2=CC=C(C)O2)C(=O)C=3N=CN=C4NC=CC34 |&1:1.5.r|,CN1N=C(O)C=2CCN(CC21)C(=O)C3=CC(O)=CC(=O)O3,CN1N=C(O)C=2CCN(CC21)C(=O)C3=CC(O)=CC(=O)O3,CC1N(CCCC1=O)C(=O)C=2C=CN=C3NC=NC23,OC[C@@H]1NC(=O)N(C1=O)C=2C=CC=C(CN3CCCC3=O)C2,OC[C@@H]1NC(=O)N(C1=O)C=2C=CC=C(CN3CCCC3=O)C2,CC=1C=C(N(N1)C2CCCC2)S(=O)(=O)NC=3C=NC=4NC=CC4C3,CNC=1C=C(N=CN1)N2CCCC(C2)C3=NC(C)=NO3,CNC=1C=C(N=CN1)N2CCCC(C2)C3=NC(C)=NO3,ClC1=CC(=NC(=O)N1)N2CC(CN3C=NN=C3)C4(CCC4)C2,CC1C(CCCN1S(=O)(=O)C2=CNC=3N=CC(Cl)=CC23)C(=O)O,CC1C(CCCN1S(=O)(=O)C2=CNC=3N=CC(Cl)=CC23)C(=O)O,OC(=O)[C@@H]1CCCN(C1)C(=O)C=2C=CN=C3NC=CC23,CN(CCCC(=O)O)C(=O)C=1N=CN=C2NC=CC12,CN(CCCC(=O)O)C(=O)C=1N=CN=C2NC=CC12,CC1=NOC(=N1)C=2C=CN=C(C2)C=3C=CN=C4NC=CC34,Empty,Empty
SMILES,N,CC1=NN=C(CNC=2C=NC(N)=C(Cl)N2)N1C3CC3,NC=1N=CN=C(N2CCCC(CCC(=O)O)C2)C1Cl,NC=1N=CN=C(N2CCCC(CCC(=O)O)C2)C1Cl,CNS(=O)(=O)C1=CC(=CO1)C(=O)N2CCC=3N=C(N)N=CC3C2,O=C1CC2(CC2)C(CSC3=NNC(=N3)C=4C=CC=CN4)O1,O=C1CC2(CC2)C(CSC3=NNC(=N3)C=4C=CC=CN4)O1,C[C@@H]1CCN([C@H](C1)C2=CC=C(C)O2)C(=O)C=3N=CN=C4NC=CC34 |&1:1.5.r|,CN1N=C(O)C=2CCN(CC21)C(=O)C3=CC(O)=CC(=O)O3,CN1N=C(O)C=2CCN(CC21)C(=O)C3=CC(O)=CC(=O)O3,CC1N(CCCC1=O)C(=O)C=2C=CN=C3NC=NC23,OC[C@@H]1NC(=O)N(C1=O)C=2C=CC=C(CN3CCCC3=O)C2,OC[C@@H]1NC(=O)N(C1=O)C=2C=CC=C(CN3CCCC3=O)C2,CC=1C=C(N(N1)C2CCCC2)S(=O)(=O)NC=3C=NC=4NC=CC4C3,CNC=1C=C(N=CN1)N2CCCC(C2)C3=NC(C)=NO3,CNC=1C=C(N=CN1)N2CCCC(C2)C3=NC(C)=NO3,ClC1=CC(=NC(=O)N1)N2CC(CN3C=NN=C3)C4(CCC4)C2,CC1C(CCCN1S(=O)(=O)C2=CNC=3N=CC(Cl)=CC23)C(=O)O,CC1C(CCCN1S(=O)(=O)C2=CNC=3N=CC(Cl)=CC23)C(=O)O,OC(=O)[C@@H]1CCCN(C1)C(=O)C=2C=CN=C3NC=CC23,CN(CCCC(=O)O)C(=O)C=1N=CN=C2NC=CC12,CN(CCCC(=O)O)C(=O)C=1N=CN=C2NC=CC12,CC1=NOC(=N1)C=2C=CN=C(C2)C=3C=CN=C4NC=CC34,Empty,Empty
SMILES,O,CC1=NN=C(CNC=2C=NC(N)=C(Cl)N2)N1C3CC3,NC=1N=CN=C(N2CCCC(CCC(=O)O)C2)C1Cl,NC=1N=CN=C(N2CCCC(CCC(=O)O)C2)C1Cl,CNS(=O)(=O)C1=CC(=CO1)C(=O)N2CCC=3N=C(N)N=CC3C2,O=C1CC2(CC2)C(CSC3=NNC(=N3)C=4C=CC=CN4)O1,O=C1CC2(CC2)C(CSC3=NNC(=N3)C=4C=CC=CN4)O1,C[C@@H]1CCN([C@H](C1)C2=CC=C(C)O2)C(=O)C=3N=CN=C4NC=CC34 |&1:1.5.r|,CN1N=C(O)C=2CCN(CC21)C(=O)C3=CC(O)=CC(=O)O3,CN1N=C(O)C=2CCN(CC21)C(=O)C3=CC(O)=CC(=O)O3,CC1N(CCCC1=O)C(=O)C=2C=CN=C3NC=NC23,OC[C@@H]1NC(=O)N(C1=O)C=2C=CC=C(CN3CCCC3=O)C2,OC[C@@H]1NC(=O)N(C1=O)C=2C=CC=C(CN3CCCC3=O)C2,CC=1C=C(N(N1)C2CCCC2)S(=O)(=O)NC=3C=NC=4NC=CC4C3,CNC=1C=C(N=CN1)N2CCCC(C2)C3=NC(C)=NO3,CNC=1C=C(N=CN1)N2CCCC(C2)C3=NC(C)=NO3,ClC1=CC(=NC(=O)N1)N2CC(CN3C=NN=C3)C4(CCC4)C2,CC1C(CCCN1S(=O)(=O)C2=CNC=3N=CC(Cl)=CC23)C(=O)O,CC1C(CCCN1S(=O)(=O)C2=CNC=3N=CC(Cl)=CC23)C(=O)O,OC(=O)[C@@H]1CCCN(C1)C(=O)C=2C=CN=C3NC=CC23,CN(CCCC(=O)O)C(=O)C=1N=CN=C2NC=CC12,CN(CCCC(=O)O)C(=O)C=1N=CN=C2NC=CC12,CC1=NOC(=N1)C=2C=CN=C(C2)C=3C=CN=C4NC=CC34,Empty,Empty
SMILES,P,CC1=NN=C(CNC=2C=NC(N)=C(Cl)N2)N1C3CC3,NC=1N=CN=C(N2CCCC(CCC(=O)O)C2)C1Cl,NC=1N=CN=C(N2CCCC(CCC(=O)O)C2)C1Cl,CNS(=O)(=O)C1=CC(=CO1)C(=O)N2CCC=3N=C(N)N=CC3C2,O=C1CC2(CC2)C(CSC3=NNC(=N3)C=4C=CC=CN4)O1,O=C1CC2(CC2)C(CSC3=NNC(=N3)C=4C=CC=CN4)O1,C[C@@H]1CCN([C@H](C1)C2=CC=C(C)O2)C(=O)C=3N=CN=C4NC=CC34 |&1:1.5.r|,CN1N=C(O)C=2CCN(CC21)C(=O)C3=CC(O)=CC(=O)O3,CN1N=C(O)C=2CCN(CC21)C(=O)C3=CC(O)=CC(=O)O3,CC1N(CCCC1=O)C(=O)C=2C=CN=C3NC=NC23,OC[C@@H]1NC(=O)N(C1=O)C=2C=CC=C(CN3CCCC3=O)C2,OC[C@@H]1NC(=O)N(C1=O)C=2C=CC=C(CN3CCCC3=O)C2,CC=1C=C(N(N1)C2CCCC2)S(=O)(=O)NC=3C=NC=4NC=CC4C3,CNC=1C=C(N=CN1)N2CCCC(C2)C3=NC(C)=NO3,CNC=1C=C(N=CN1)N2CCCC(C2)C3=NC(C)=NO3,ClC1=CC(=NC(=O)N1)N2CC(CN3C=NN=C3)C4(CCC4)C2,CC1C(CCCN1S(=O)(=O)C2=CNC=3N=CC(Cl)=CC23)C(=O)O,CC1C(CCCN1S(=O)(=O)C2=CNC=3N=CC(Cl)=CC23)C(=O)O,OC(=O)[C@@H]1CCCN(C1)C(=O)C=2C=CN=C3NC=CC23,CN(CCCC(=O)O)C(=O)C=1N=CN=C2NC=CC12,CN(CCCC(=O)O)C(=O)C=1N=CN=C2NC=CC12,CC1=NOC(=N1)C=2C=CN=C(C2)C=3C=CN=C4NC=CC34,Empty,Empty
formula,row,1,2,3,4,5,6,7,8,9,10,11,12,13,14,15,16,17,18,19,20,21,22,23,24
formula,A,C11H14ClN7,C11H14ClN7,C12H17ClN4O2,C13H15N5O4S,C13H15N5O4S,C14H14N4O2S,C18H20N4O2,C18H20N4O2,C13H13N3O5,C13H14N4O2,C13H14N4O2,C15H17N3O4,C16H19N5O2S,C16H19N5O2S,C13H18N6O,C14H17ClN6O,C14H17ClN6O,C14H16ClN3O4S,C14H15N3O3,C14H15N3O3,C12H14N4O3,C15H11N5O,C15H11N5O,Empty
formula,B,C11H14ClN7,C11H14ClN7,C12H17ClN4O2,C13H15N5O4S,C13H15N5O4S,C14H14N4O2S,C18H20N4O2,C18H20N4O2,C13H13N3O5,C13H14N4O2,C13H14N4O2,C15H17N3O4,C16H19N5O2S,C16H19N5O2S,C13H18N6O,C14H17ClN6O,C14H17ClN6O,C14H16ClN3O4S,C14H15N3O3,C14H15N3O3,C12H14N4O3,C15H11N5O,C15H11N5O,Empty
formula,C,C11H14ClN7,C11H14ClN7,C12H17ClN4O2,C13H15N5O4S,C13H15N5O4S,C14H14N4O2S,C18H20N4O2,C18H20N4O2,C13H13N3O5,C13H14N4O2,C13H14N4O2,C15H17N3O4,C16H19N5O2S,C16H19N5O2S,C13H18N6O,C14H17ClN6O,C14H17ClN6O,C14H16ClN3O4S,C14H15N3O3,C14H15N3O3,C12H14N4O3,C15H11N5O,C15H11N5O,Empty
formula,D,C11H14ClN7,C11H14ClN7,C12H17ClN4O2,C13H15N5O4S,C13H15N5O4S,C14H14N4O2S,C18H20N4O2,C18H20N4O2,C13H13N3O5,C13H14N4O2,C13H14N4O2,C15H17N3O4,C16H19N5O2S,C16H19N5O2S,C13H18N6O,C14H17ClN6O,C14H17ClN6O,C14H16ClN3O4S,C14H15N3O3,C14H15N3O3,C12H14N4O3,C15H11N5O,C15H11N5O,Empty
formula,E,C11H14ClN7,C11H14ClN7,C12H17ClN4O2,C13H15N5O4S,C13H15N5O4S,C14H14N4O2S,C18H20N4O2,C18H20N4O2,C13H13N3O5,C13H14N4O2,C13H14N4O2,C15H17N3O4,C16H19N5O2S,C16H19N5O2S,C13H18N6O,C14H17ClN6O,C14H17ClN6O,C14H16ClN3O4S,C14H15N3O3,C14H15N3O3,C12H14N4O3,C15H11N5O,C15H11N5O,Empty
formula,F,C11H14ClN7,C11H14ClN7,C12H17ClN4O2,C13H15N5O4S,C13H15N5O4S,C14H14N4O2S,C18H20N4O2,C18H20N4O2,C13H13N3O5,C13H14N4O2,C13H14N4O2,C15H17N3O4,C16H19N5O2S,C16H19N5O2S,C13H18N6O,C14H17ClN6O,C14H17ClN6O,C14H16ClN3O4S,C14H15N3O3,C14H15N3O3,C12H14N4O3,C15H11N5O,C15H11N5O,Empty
formula,G,C11H14ClN7,C11H14ClN7,C12H17ClN4O2,C13H15N5O4S,C13H15N5O4S,C14H14N4O2S,C18H20N4O2,C18H20N4O2,C13H13N3O5,C13H14N4O2,C13H14N4O2,C15H17N3O4,C16H19N5O2S,C16H19N5O2S,C13H18N6O,C14H17ClN6O,C14H17ClN6O,C14H16ClN3O4S,C14H15N3O3,C14H15N3O3,C12H14N4O3,C15H11N5O,C15H11N5O,Empty
formula,H,C11H14ClN7,C11H14ClN7,C12H17ClN4O2,C13H15N5O4S,C13H15N5O4S,C14H14N4O2S,C18H20N4O2,C18H20N4O2,C13H13N3O5,C13H14N4O2,C13H14N4O2,C15H17N3O4,C16H19N5O2S,C16H19N5O2S,C13H18N6O,C14H17ClN6O,C14H17ClN6O,C14H16ClN3O4S,C14H15N3O3,C14H15N3O3,C12H14N4O3,C15H11N5O,C15H11N5O,Empty
formula,I,C11H14ClN7,C12H17ClN4O2,C12H17ClN4O2,C13H15N5O4S,C14H14N4O2S,C14H14N4O2S,C18H20N4O2,C13H13N3O5,C13H13N3O5,C13H14N4O2,C15H17N3O4,C15H17N3O4,C16H19N5O2S,C13H18N6O,C13H18N6O,C14H17ClN6O,C14H16ClN3O4S,C14H16ClN3O4S,C14H15N3O3,C12H14N4O3,C12H14N4O3,C15H11N5O,Empty,Empty
formula,J,C11H14ClN7,C12H17ClN4O2,C12H17ClN4O2,C13H15N5O4S,C14H14N4O2S,C14H14N4O2S,C18H20N4O2,C13H13N3O5,C13H13N3O5,C13H14N4O2,C15H17N3O4,C15H17N3O4,C16H19N5O2S,C13H18N6O,C13H18N6O,C14H17ClN6O,C14H16ClN3O4S,C14H16ClN3O4S,C14H15N3O3,C12H14N4O3,C12H14N4O3,C15H11N5O,Empty,Empty
formula,K,C11H14ClN7,C12H17ClN4O2,C12H17ClN4O2,C13H15N5O4S,C14H14N4O2S,C14H14N4O2S,C18H20N4O2,C13H13N3O5,C13H13N3O5,C13H14N4O2,C15H17N3O4,C15H17N3O4,C16H19N5O2S,C13H18N6O,C13H18N6O,C14H17ClN6O,C14H16ClN3O4S,C14H16ClN3O4S,C14H15N3O3,C12H14N4O3,C12H14N4O3,C15H11N5O,Empty,Empty
formula,L,C11H14ClN7,C12H17ClN4O2,C12H17ClN4O2,C13H15N5O4S,C14H14N4O2S,C14H14N4O2S,C18H20N4O2,C13H13N3O5,C13H13N3O5,C13H14N4O2,C15H17N3O4,C15H17N3O4,C16H19N5O2S,C13H18N6O,C13H18N6O,C14H17ClN6O,C14H16ClN3O4S,C14H16ClN3O4S,C14H15N3O3,C12H14N4O3,C12H14N4O3,C15H11N5O,Empty,Empty
formula,M,C11H14ClN7,C12H17ClN4O2,C12H17ClN4O2,C13H15N5O4S,C14H14N4O2S,C14H14N4O2S,C18H20N4O2,C13H13N3O5,C13H13N3O5,C13H14N4O2,C15H17N3O4,C15H17N3O4,C16H19N5O2S,C13H18N6O,C13H18N6O,C14H17ClN6O,C14H16ClN3O4S,C14H16ClN3O4S,C14H15N3O3,C12H14N4O3,C12H14N4O3,C15H11N5O,Empty,Empty
formula,N,C11H14ClN7,C12H17ClN4O2,C12H17ClN4O2,C13H15N5O4S,C14H14N4O2S,C14H14N4O2S,C18H20N4O2,C13H13N3O5,C13H13N3O5,C13H14N4O2,C15H17N3O4,C15H17N3O4,C16H19N5O2S,C13H18N6O,C13H18N6O,C14H17ClN6O,C14H16ClN3O4S,C14H16ClN3O4S,C14H15N3O3,C12H14N4O3,C12H14N4O3,C15H11N5O,Empty,Empty
formula,O,C11H14ClN7,C12H17ClN4O2,C12H17ClN4O2,C13H15N5O4S,C14H14N4O2S,C14H14N4O2S,C18H20N4O2,C13H13N3O5,C13H13N3O5,C13H14N4O2,C15H17N3O4,C15H17N3O4,C16H19N5O2S,C13H18N6O,C13H18N6O,C14H17ClN6O,C14H16ClN3O4S,C14H16ClN3O4S,C14H15N3O3,C12H14N4O3,C12H14N4O3,C15H11N5O,Empty,Empty
formula,P,C11H14ClN7,C12H17ClN4O2,C12H17ClN4O2,C13H15N5O4S,C14H14N4O2S,C14H14N4O2S,C18H20N4O2,C13H13N3O5,C13H13N3O5,C13H14N4O2,C15H17N3O4,C15H17N3O4,C16H19N5O2S,C13H18N6O,C13H18N6O,C14H17ClN6O,C14H16ClN3O4S,C14H16ClN3O4S,C14H15N3O3,C12H14N4O3,C12H14N4O3,C15H11N5O,Empty,Empty
purity,row,1,2,3,4,5,6,7,8,9,10,11,12,13,14,15,16,17,18,19,20,21,22,23,24
purity,A,100,100,100,100,100,100,100,100,100,100,100,100,100,100,100,100,100,100,100,100,100,100,100,Empty
purity,B,100,100,100,100,100,100,100,100,100,100,100,100,100,100,100,100,100,100,100,100,100,100,100,Empty
purity,C,100,100,100,100,100,100,100,100,100,100,100,100,100,100,100,100,100,100,100,100,100,100,100,Empty
purity,D,100,100,100,100,100,100,100,100,100,100,100,100,100,100,100,100,100,100,100,100,100,100,100,Empty
purity,E,100,100,100,100,100,100,100,100,100,100,100,100,100,100,100,100,100,100,100,100,100,100,100,Empty
purity,F,100,100,100,100,100,100,100,100,100,100,100,100,100,100,100,100,100,100,100,100,100,100,100,Empty
purity,G,100,100,100,100,100,100,100,100,100,100,100,100,100,100,100,100,100,100,100,100,100,100,100,Empty
purity,H,100,100,100,100,100,100,100,100,100,100,100,100,100,100,100,100,100,100,100,100,100,100,100,Empty
purity,I,100,100,100,100,100,100,100,100,100,100,100,100,100,100,100,100,100,100,100,100,100,100,Empty,Empty
purity,J,100,100,100,100,100,100,100,100,100,100,100,100,100,100,100,100,100,100,100,100,100,100,Empty,Empty
purity,K,100,100,100,100,100,100,100,100,100,100,100,100,100,100,100,100,100,100,100,100,100,100,Empty,Empty
purity,L,100,100,100,100,100,100,100,100,100,100,100,100,100,100,100,100,100,100,100,100,100,100,Empty,Empty
purity,M,100,100,100,100,100,100,100,100,100,100,100,100,100,100,100,100,100,100,100,100,100,100,Empty,Empty
purity,N,100,100,100,100,100,100,100,100,100,100,100,100,100,100,100,100,100,100,100,100,100,100,Empty,Empty
purity,O,100,100,100,100,100,100,100,100,100,100,100,100,100,100,100,100,100,100,100,100,100,100,Empty,Empty
purity,P,100,100,100,100,100,100,100,100,100,100,100,100,100,100,100,100,100,100,100,100,100,100,Empty,Empty
salt_raio,row,1,2,3,4,5,6,7,8,9,10,11,12,13,14,15,16,17,18,19,20,21,22,23,24
salt_raio,A,Empty,Empty,Empty,Empty,Empty,Empty,Empty,Empty,Empty,Empty,Empty,Empty,Empty,Empty,Empty,Empty,Empty,Empty,Empty,Empty,Empty,Empty,Empty,Empty
salt_raio,B,Empty,Empty,Empty,Empty,Empty,Empty,Empty,Empty,Empty,Empty,Empty,Empty,Empty,Empty,Empty,Empty,Empty,Empty,Empty,Empty,Empty,Empty,Empty,Empty
salt_raio,C,Empty,Empty,Empty,Empty,Empty,Empty,Empty,Empty,Empty,Empty,Empty,Empty,Empty,Empty,Empty,Empty,Empty,Empty,Empty,Empty,Empty,Empty,Empty,Empty
salt_raio,D,Empty,Empty,Empty,Empty,Empty,Empty,Empty,Empty,Empty,Empty,Empty,Empty,Empty,Empty,Empty,Empty,Empty,Empty,Empty,Empty,Empty,Empty,Empty,Empty
salt_raio,E,Empty,Empty,Empty,Empty,Empty,Empty,Empty,Empty,Empty,Empty,Empty,Empty,Empty,Empty,Empty,Empty,Empty,Empty,Empty,Empty,Empty,Empty,Empty,Empty
salt_raio,F,Empty,Empty,Empty,Empty,Empty,Empty,Empty,Empty,Empty,Empty,Empty,Empty,Empty,Empty,Empty,Empty,Empty,Empty,Empty,Empty,Empty,Empty,Empty,Empty
salt_raio,G,Empty,Empty,Empty,Empty,Empty,Empty,Empty,Empty,Empty,Empty,Empty,Empty,Empty,Empty,Empty,Empty,Empty,Empty,Empty,Empty,Empty,Empty,Empty,Empty
salt_raio,H,Empty,Empty,Empty,Empty,Empty,Empty,Empty,Empty,Empty,Empty,Empty,Empty,Empty,Empty,Empty,Empty,Empty,Empty,Empty,Empty,Empty,Empty,Empty,Empty
salt_raio,I,Empty,Empty,Empty,Empty,Empty,Empty,Empty,Empty,Empty,Empty,Empty,Empty,Empty,Empty,Empty,Empty,Empty,Empty,Empty,Empty,Empty,Empty,Empty,Empty
salt_raio,J,Empty,Empty,Empty,Empty,Empty,Empty,Empty,Empty,Empty,Empty,Empty,Empty,Empty,Empty,Empty,Empty,Empty,Empty,Empty,Empty,Empty,Empty,Empty,Empty
salt_raio,K,Empty,Empty,Empty,Empty,Empty,Empty,Empty,Empty,Empty,Empty,Empty,Empty,Empty,Empty,Empty,Empty,Empty,Empty,Empty,Empty,Empty,Empty,Empty,Empty
salt_raio,L,Empty,Empty,Empty,Empty,Empty,Empty,Empty,Empty,Empty,Empty,Empty,Empty,Empty,Empty,Empty,Empty,Empty,Empty,Empty,Empty,Empty,Empty,Empty,Empty
salt_raio,M,Empty,Empty,Empty,Empty,Empty,Empty,Empty,Empty,Empty,Empty,Empty,Empty,Empty,Empty,Empty,Empty,Empty,Empty,Empty,Empty,Empty,Empty,Empty,Empty
salt_raio,N,Empty,Empty,Empty,Empty,Empty,Empty,Empty,Empty,Empty,Empty,Empty,Empty,Empty,Empty,Empty,Empty,Empty,Empty,Empty,Empty,Empty,Empty,Empty,Empty
salt_raio,O,Empty,Empty,Empty,Empty,Empty,Empty,Empty,Empty,Empty,Empty,Empty,Empty,Empty,Empty,Empty,Empty,Empty,Empty,Empty,Empty,Empty,Empty,Empty,Empty
salt_raio,P,Empty,Empty,Empty,Empty,Empty,Empty,Empty,Empty,Empty,Empty,Empty,Empty,Empty,Empty,Empty,Empty,Empty,Empty,Empty,Empty,Empty,Empty,Empty,Empty
set,row,1,2,3,4,5,6,7,8,9,10,11,12,13,14,15,16,17,18,19,20,21,22,23,24
set,A,1,1,1,1,1,1,1,1,1,1,1,1,1,1,1,1,1,1,1,1,1,1,1,Empty
set,B,1,1,1,1,1,1,1,1,1,1,1,1,1,1,1,1,1,1,1,1,1,1,1,Empty
set,C,1,1,1,1,1,1,1,1,1,1,1,1,1,1,1,1,1,1,1,1,1,1,1,Empty
set,D,1,1,1,1,1,1,1,1,1,1,1,1,1,1,1,1,1,1,1,1,1,1,1,Empty
set,E,1,1,1,1,1,1,1,1,1,1,1,1,1,1,1,1,1,1,1,1,1,1,1,Empty
set,F,1,1,1,1,1,1,1,1,1,1,1,1,1,1,1,1,1,1,1,1,1,1,1,Empty
set,G,1,1,1,1,1,1,1,1,1,1,1,1,1,1,1,1,1,1,1,1,1,1,1,Empty
set,H,1,1,1,1,1,1,1,1,1,1,1,1,1,1,1,1,1,1,1,1,1,1,1,Empty
set,I,1,1,1,1,1,1,1,1,1,1,1,1,1,1,1,1,1,1,1,1,1,1,Empty,Empty
set,J,1,1,1,1,1,1,1,1,1,1,1,1,1,1,1,1,1,1,1,1,1,1,Empty,Empty
set,K,1,1,1,1,1,1,1,1,1,1,1,1,1,1,1,1,1,1,1,1,1,1,Empty,Empty
set,L,1,1,1,1,1,1,1,1,1,1,1,1,1,1,1,1,1,1,1,1,1,1,Empty,Empty
set,M,1,1,1,1,1,1,1,1,1,1,1,1,1,1,1,1,1,1,1,1,1,1,Empty,Empty
set,N,1,1,1,1,1,1,1,1,1,1,1,1,1,1,1,1,1,1,1,1,1,1,Empty,Empty
set,O,1,1,1,1,1,1,1,1,1,1,1,1,1,1,1,1,1,1,1,1,1,1,Empty,Empty
set,P,1,1,1,1,1,1,1,1,1,1,1,1,1,1,1,1,1,1,1,1,1,1,Empty,Empty
stock_conc_mM,row,1,2,3,4,5,6,7,8,9,10,11,12,13,14,15,16,17,18,19,20,21,22,23,24
stock_conc_mM,A,100,100,100,100,100,100,100,100,100,100,100,100,100,100,100,100,100,100,100,100,100,100,100,Empty
stock_conc_mM,B,100,100,100,100,100,100,100,100,100,100,100,100,100,100,100,100,100,100,100,100,100,100,100,Empty
stock_conc_mM,C,100,100,100,100,100,100,100,100,100,100,100,100,100,100,100,100,100,100,100,100,100,100,100,Empty
stock_conc_mM,D,100,100,100,100,100,100,100,100,100,100,100,100,100,100,100,100,100,100,100,100,100,100,100,Empty
stock_conc_mM,E,100,100,100,100,100,100,100,100,100,100,100,100,100,100,100,100,100,100,100,100,100,100,100,Empty
stock_conc_mM,F,100,100,100,100,100,100,100,100,100,100,100,100,100,100,100,100,100,100,100,100,100,100,100,Empty
stock_conc_mM,G,100,100,100,100,100,100,100,100,100,100,100,100,100,100,100,100,100,100,100,100,100,100,100,Empty
stock_conc_mM,H,100,100,100,100,100,100,100,100,100,100,100,100,100,100,100,100,100,100,100,100,100,100,100,Empty
stock_conc_mM,I,100,100,100,100,100,100,100,100,100,100,100,100,100,100,100,100,100,100,100,100,100,100,Empty,Empty
stock_conc_mM,J,100,100,100,100,100,100,100,100,100,100,100,100,100,100,100,100,100,100,100,100,100,100,Empty,Empty
stock_conc_mM,K,100,100,100,100,100,100,100,100,100,100,100,100,100,100,100,100,100,100,100,100,100,100,Empty,Empty
stock_conc_mM,L,100,100,100,100,100,100,100,100,100,100,100,100,100,100,100,100,100,100,100,100,100,100,Empty,Empty
stock_conc_mM,M,100,100,100,100,100,100,100,100,100,100,100,100,100,100,100,100,100,100,100,100,100,100,Empty,Empty
stock_conc_mM,N,100,100,100,100,100,100,100,100,100,100,100,100,100,100,100,100,100,100,100,100,100,100,Empty,Empty
stock_conc_mM,O,100,100,100,100,100,100,100,100,100,100,100,100,100,100,100,100,100,100,100,100,100,100,Empty,Empty
stock_conc_mM,P,100,100,100,100,100,100,100,100,100,100,100,100,100,100,100,100,100,100,100,100,100,100,Empty,Empty
echo_vol_nL,row,1,2,3,4,5,6,7,8,9,10,11,12,13,14,15,16,17,18,19,20,21,22,23,24
echo_vol_nL,A,250,250,250,250,250,250,250,250,250,250,250,250,250,250,250,250,250,250,250,250,250,250,250,Empty
echo_vol_nL,B,250,250,250,250,250,250,250,250,250,250,250,250,250,250,250,250,250,250,250,250,250,250,250,Empty
echo_vol_nL,C,250,250,250,250,250,250,250,250,250,250,250,250,250,250,250,250,250,250,250,250,250,250,250,Empty
echo_vol_nL,D,250,250,250,250,250,250,250,250,250,250,250,250,250,250,250,250,250,250,250,250,250,250,250,Empty
echo_vol_nL,E,250,250,250,250,250,250,250,250,250,250,250,250,250,250,250,250,250,250,250,250,250,250,250,Empty
echo_vol_nL,F,250,250,250,250,250,250,250,250,250,250,250,250,250,250,250,250,250,250,250,250,250,250,250,Empty
echo_vol_nL,G,250,250,250,250,250,250,250,250,250,250,250,250,250,250,250,250,250,250,250,250,250,250,250,Empty
echo_vol_nL,H,250,250,250,250,250,250,250,250,250,250,250,250,250,250,250,250,250,250,250,250,250,250,250,Empty
echo_vol_nL,I,250,250,250,250,250,250,250,250,250,250,250,250,250,250,250,250,250,250,250,250,250,250,Empty,Empty
echo_vol_nL,J,250,250,250,250,250,250,250,250,250,250,250,250,250,250,250,250,250,250,250,250,250,250,Empty,Empty
echo_vol_nL,K,250,250,250,250,250,250,250,250,250,250,250,250,250,250,250,250,250,250,250,250,250,250,Empty,Empty
echo_vol_nL,L,250,250,250,250,250,250,250,250,250,250,250,250,250,250,250,250,250,250,250,250,250,250,Empty,Empty
echo_vol_nL,M,250,250,250,250,250,250,250,250,250,250,250,250,250,250,250,250,250,250,250,250,250,250,Empty,Empty
echo_vol_nL,N,250,250,250,250,250,250,250,250,250,250,250,250,250,250,250,250,250,250,250,250,250,250,Empty,Empty
echo_vol_nL,O,250,250,250,250,250,250,250,250,250,250,250,250,250,250,250,250,250,250,250,250,250,250,Empty,Empty
echo_vol_nL,P,250,250,250,250,250,250,250,250,250,250,250,250,250,250,250,250,250,250,250,250,250,250,Empty,Empty
final_daughter_uL,row,1,2,3,4,5,6,7,8,9,10,11,12,13,14,15,16,17,18,19,20,21,22,23,24
final_daughter_uL,A,20,20,20,20,20,20,20,20,20,20,20,20,20,20,20,20,20,20,20,20,20,20,20,Empty
final_daughter_uL,B,20,20,20,20,20,20,20,20,20,20,20,20,20,20,20,20,20,20,20,20,20,20,20,Empty
final_daughter_uL,C,20,20,20,20,20,20,20,20,20,20,20,20,20,20,20,20,20,20,20,20,20,20,20,Empty
final_daughter_uL,D,20,20,20,20,20,20,20,20,20,20,20,20,20,20,20,20,20,20,20,20,20,20,20,Empty
final_daughter_uL,E,20,20,20,20,20,20,20,20,20,20,20,20,20,20,20,20,20,20,20,20,20,20,20,Empty
final_daughter_uL,F,20,20,20,20,20,20,20,20,20,20,20,20,20,20,20,20,20,20,20,20,20,20,20,Empty
final_daughter_uL,G,20,20,20,20,20,20,20,20,20,20,20,20,20,20,20,20,20,20,20,20,20,20,20,Empty
final_daughter_uL,H,20,20,20,20,20,20,20,20,20,20,20,20,20,20,20,20,20,20,20,20,20,20,20,Empty
final_daughter_uL,I,20,20,20,20,20,20,20,20,20,20,20,20,20,20,20,20,20,20,20,20,20,20,Empty,Empty
final_daughter_uL,J,20,20,20,20,20,20,20,20,20,20,20,20,20,20,20,20,20,20,20,20,20,20,Empty,Empty
final_daughter_uL,K,20,20,20,20,20,20,20,20,20,20,20,20,20,20,20,20,20,20,20,20,20,20,Empty,Empty
final_daughter_uL,L,20,20,20,20,20,20,20,20,20,20,20,20,20,20,20,20,20,20,20,20,20,20,Empty,Empty
final_daughter_uL,M,20,20,20,20,20,20,20,20,20,20,20,20,20,20,20,20,20,20,20,20,20,20,Empty,Empty
final_daughter_uL,N,20,20,20,20,20,20,20,20,20,20,20,20,20,20,20,20,20,20,20,20,20,20,Empty,Empty
final_daughter_uL,O,20,20,20,20,20,20,20,20,20,20,20,20,20,20,20,20,20,20,20,20,20,20,Empty,Empty
final_daughter_uL,P,20,20,20,20,20,20,20,20,20,20,20,20,20,20,20,20,20,20,20,20,20,20,Empty,Empty
final_test_conc,row,1,2,3,4,5,6,7,8,9,10,11,12,13,14,15,16,17,18,19,20,21,22,23,24
final_test_conc,A,100,3.12,25,100,3.12,25,100,3.12,25,100,3.12,25,100,3.12,25,100,3.12,25,100,3.12,25,100,3.12,Empty
final_test_conc,B,100,3.12,12.5,100,3.12,12.5,100,3.12,12.5,100,3.12,12.5,100,3.12,12.5,100,3.12,12.5,100,3.12,12.5,100,3.12,Empty
final_test_conc,C,100,1.56,12.5,100,1.56,12.5,100,1.56,12.5,100,1.56,12.5,100,1.56,12.5,100,1.56,12.5,100,1.56,12.5,100,1.56,Empty
final_test_conc,D,50,1.56,12.5,50,1.56,12.5,50,1.56,12.5,50,1.56,12.5,50,1.56,12.5,50,1.56,12.5,50,1.56,12.5,50,1.56,Empty
final_test_conc,E,50,1.56,6.25,50,1.56,6.25,50,1.56,6.25,50,1.56,6.25,50,1.56,6.25,50,1.56,6.25,50,1.56,6.25,50,1.56,Empty
final_test_conc,F,50,0,6.25,50,0,6.25,50,0,6.25,50,0,6.25,50,0,6.25,50,0,6.25,50,0,6.25,50,0,Empty
final_test_conc,G,25,0,6.25,25,0,6.25,25,0,6.25,25,0,6.25,25,0,6.25,25,0,6.25,25,0,6.25,25,0,Empty
final_test_conc,H,25,0,3.12,25,0,3.12,25,0,3.12,25,0,3.12,25,0,3.12,25,0,3.12,25,0,3.12,25,0,Empty
final_test_conc,I,25,100,3.12,25,100,3.12,25,100,3.12,25,100,3.12,25,100,3.12,25,100,3.12,25,100,3.12,25,Empty,Empty
final_test_conc,J,12.5,100,3.12,12.5,100,3.12,12.5,100,3.12,12.5,100,3.12,12.5,100,3.12,12.5,100,3.12,12.5,100,3.12,12.5,Empty,Empty
final_test_conc,K,12.5,100,1.56,12.5,100,1.56,12.5,100,1.56,12.5,100,1.56,12.5,100,1.56,12.5,100,1.56,12.5,100,1.56,12.5,Empty,Empty
final_test_conc,L,12.5,50,1.56,12.5,50,1.56,12.5,50,1.56,12.5,50,1.56,12.5,50,1.56,12.5,50,1.56,12.5,50,1.56,12.5,Empty,Empty
final_test_conc,M,6.25,50,1.56,6.25,50,1.56,6.25,50,1.56,6.25,50,1.56,6.25,50,1.56,6.25,50,1.56,6.25,50,1.56,6.25,Empty,Empty
final_test_conc,N,6.25,50,0,6.25,50,0,6.25,50,0,6.25,50,0,6.25,50,0,6.25,50,0,6.25,50,0,6.25,Empty,Empty
final_test_conc,O,6.25,25,0,6.25,25,0,6.25,25,0,6.25,25,0,6.25,25,0,6.25,25,0,6.25,25,0,6.25,Empty,Empty
final_test_conc,P,3.12,25,0,3.12,25,0,3.12,25,0,3.12,25,0,3.12,25,0,3.12,25,0,3.12,25,0,3.12,Empty,Empty
replicate,row,1,2,3,4,5,6,7,8,9,10,11,12,13,14,15,16,17,18,19,20,21,22,23,24
replicate,A,1,2,3,1,2,3,1,2,3,1,2,3,1,2,3,1,2,3,1,2,3,1,2,Empty
replicate,B,2,3,1,2,3,1,2,3,1,2,3,1,2,3,1,2,3,1,2,3,1,2,3,Empty
replicate,C,3,1,2,3,1,2,3,1,2,3,1,2,3,1,2,3,1,2,3,1,2,3,1,Empty
replicate,D,1,2,3,1,2,3,1,2,3,1,2,3,1,2,3,1,2,3,1,2,3,1,2,Empty
replicate,E,2,3,1,2,3,1,2,3,1,2,3,1,2,3,1,2,3,1,2,3,1,2,3,Empty
replicate,F,3,1,2,3,1,2,3,1,2,3,1,2,3,1,2,3,1,2,3,1,2,3,1,Empty
replicate,G,1,2,3,1,2,3,1,2,3,1,2,3,1,2,3,1,2,3,1,2,3,1,2,Empty
replicate,H,2,3,1,2,3,1,2,3,1,2,3,1,2,3,1,2,3,1,2,3,1,2,3,Empty
replicate,I,3,1,2,3,1,2,3,1,2,3,1,2,3,1,2,3,1,2,3,1,2,3,Empty,Empty
replicate,J,1,2,3,1,2,3,1,2,3,1,2,3,1,2,3,1,2,3,1,2,3,1,Empty,Empty
replicate,K,2,3,1,2,3,1,2,3,1,2,3,1,2,3,1,2,3,1,2,3,1,2,Empty,Empty
replicate,L,3,1,2,3,1,2,3,1,2,3,1,2,3,1,2,3,1,2,3,1,2,3,Empty,Empty
replicate,M,1,2,3,1,2,3,1,2,3,1,2,3,1,2,3,1,2,3,1,2,3,1,Empty,Empty
replicate,N,2,3,1,2,3,1,2,3,1,2,3,1,2,3,1,2,3,1,2,3,1,2,Empty,Empty
replicate,O,3,1,2,3,1,2,3,1,2,3,1,2,3,1,2,3,1,2,3,1,2,3,Empty,Empty
replicate,P,1,2,3,1,2,3,1,2,3,1,2,3,1,2,3,1,2,3,1,2,3,1,Empty,Empty
